ticker,news_date,headline,sentiment_score,confidence,summary,market_impact,key_topics
AAPL,2025-11-15,Former Fed official Adriana Kugler's stock trades trigger ethics referral to inspector general,-0.5,0.9,"Former Fed Governor Adriana Kugler's stock trades are under scrutiny, leading to an ethics referral to the inspector general. This news raises concerns about potential conflicts of interest and insider trading within the Federal Reserve system, potentially damaging public trust.",Short-term,Ethics referral to inspector general; Allegations of stock trades involving companies like Apple and Cava; Potential conflict of interest for a former Fed official
AAPL,2025-11-17,Peter Thiel Is Reportedly Dumping Nvidia Stock Amid AI Bubble Jitters,-0.4,0.85,"Peter Thiel's hedge fund, Thiel Macro, has reportedly sold its entire stake in Nvidia, raising concerns about an AI bubble. This news could negatively impact investor confidence in Nvidia and the broader AI sector.",Short-term negative impact on Nvidia's stock price and potentially the broader AI sector. Long-term impact depends on other investor actions and overall market conditions.,Peter Thiel's selling activity; AI bubble jitters mentioned in the title; Offloading entire stake is a strong signal
AAPL,2025-11-15,Report: Tim Cook to Step Down as Apple CEO 'as Soon as Next Year',-0.25,0.85,"The article reports that Tim Cook may step down as Apple CEO as soon as next year. While succession planning is a normal corporate practice, the announcement of a CEO departure often creates uncertainty.",Short-term,CEO Departure; Succession Uncertainty; Financial Times Source
AAPL,2025-11-18,"This AirTag 4-Pack Deal Makes Each Tag Feel Practically Free, Appleâ€™s Clearing Stock Early to Avoid the Black Friday Rush",0.25,0.8,"The article discusses a promotional deal on Apple's AirTag 4-packs, suggesting early stock clearing to avoid the Black Friday rush. While this indicates strong AirTag sales, it also implies potentially slowing demand or inventory management strategies.",short-term impact,Promotional deal suggesting potential for increased sales volume; Early stock clearing might indicate slowing demand; Focus on Apple's product (AirTag)
AAPL,2025-11-13,INIU 5000mAh Keychain Power Bank Goes for Pennies as Amazon Clears Out Its Best-Selling Stock,0.25,0.8,"The article reports a significant discount on INIU's 5000mAh power bank being offered on Amazon, suggesting a clearance sale. This could be slightly positive for Amazon due to potential increased sales volume and inventory turnover, albeit at lower margins.",short-term,Discounted pricing; Clearance sale; Increased sales volume (potentially); Inventory turnover
AAPL,2025-11-14,AirPods Pro 2 Drop to $129.99 at Best Buy,0.25,0.75,"Apple's AirPods Pro 2 are on sale at Best Buy for $129.99, a significant discount from their usual price. The deal is currently limited to local pickup and requires a Best Buy account.",Short-term,Price Discount; Increased Sales Volume Potential; Potential Margin Impact
AAPL,2025-11-14,Honeylove's early Black Friday sale takes up to 50% off our favorite bras and shapewear,0.25,0.75,"The article discusses Honeylove's early Black Friday sale, offering up to 50% off on bras and shapewear. This sale could potentially boost short-term revenue and brand visibility for Honeylove, although the overall impact is likely limited.",short-term,Early Black Friday sale announcement; Discount of up to 50%; Focus on bras and shapewear; Positive description of Honeylove products
AAPL,2025-11-18,Making money from EVs is notoriously hard. Xiaomi just joined a tiny list of carmakers doing it.,0.65,0.9,"Xiaomi's EV business has achieved its first quarterly profit less than two years after launching its initial vehicle, joining a select group of profitable EV manufacturers. This positive development signifies a significant milestone for Xiaomi's expansion into the electric vehicle market.","Short-term positive, long-term positive",First quarterly profit in EV business; Rapid turnaround after initial launch; Positive signal for Xiaomi's diversification strategy
AAPL,2025-11-15,Watch: Aerial footage shows devastating scenes caused by flooding in Wales,-0.5,0.8,"The news article describes devastating flooding in Wales, highlighting the impact on families and businesses. Aerial footage showcases the extent of the damage in Monmouth. The flooding and rescue operations suggest significant disruption.",Short-term,Natural disaster; Disruption to businesses; Impact on families; Infrastructure damage
AAPL,2025-11-18,Taiwan is sending everyone a handbook to prepare them for war. Here's what's inside.,-0.6,0.9,"The article reports that Taiwan is distributing handbooks to its citizens preparing them for a potential war. This includes instructions on stocking supplies and preparing emergency plans, reflecting heightened tensions and potential instability.","Short-term negative, Long-term negative",Increased geopolitical risk; Potential for supply chain disruptions; Negative impact on investor confidence; Escalating tensions with China
MSFT,1,-0.4,2025-11-17,"Recent news suggests a potential shift in investor sentiment regarding the AI sector, particularly affecting Nvidia. Peter Thiel's hedge fund reportedly divested its entire Nvidia stake, fueling speculation of an AI bubble and casting doubt on the company's long-term prospects. This action signals a potentially negative market sentiment towards AI-related stocks. There are no apparent contradictions in the news as only one article was provided focusing solely on the negative sentiment regarding Nvidia."
GOOGL,5,0.2047,2025-11-13 to 2025-11-17,"The news around GOOGL presents a mixed but overall positive outlook. Warren Buffett's Berkshire Hathaway invested in Alphabet, signaling strong confidence, while Google is enhancing user experience with new image tab and AI-powered shopping features to capitalize on the holiday season. However, some market uncertainty exists, highlighted by Peter Thiel dumping Nvidia stock over AI bubble concerns, and a Bose speaker liquidation on Amazon might raise margin questions. The general market sentiment leans positive, but investors should consider potential headwinds from broader market trends and specific product performance."
